{"loss": [1.4136191606521606, 0.4477913975715637, 0.2676381468772888, 0.19111236929893494, 0.13942082226276398, 0.10994475334882736, 0.0908212810754776, 0.07104645669460297, 0.06562896817922592, 0.05488068610429764], "accuracy": [0.5846646428108215, 0.8577139377593994, 0.9144889116287231, 0.9370367527008057, 0.9548047780990601, 0.9637100696563721, 0.9700120687484741, 0.976385235786438, 0.9778931736946106, 0.9823031425476074], "val_loss": [0.5296195149421692, 0.25329381227493286, 0.2263505607843399, 0.16378135979175568, 0.1585691124200821, 0.16677743196487427, 0.09424994885921478, 0.12383869290351868, 0.1040886640548706, 0.10639382153749466], "val_accuracy": [0.8316640257835388, 0.9187912344932556, 0.9239699244499207, 0.9488959908485413, 0.9504324793815613, 0.9491236209869385, 0.9688140153884888, 0.9629524350166321, 0.968529462814331, 0.9675050973892212]}